query_name,rank_within_query,id,distance,title,rg_refs,chunk_type,text
complaint_definition,1,rg271_chunk_34,0.452279269695282,Definition of ‘complaint’ from AS/NZS 10002:2014,['RG 271.27'],definition,"AS/NZS 10002:2014 sets out the following definition of ‘complaint’ at p. 6: [An expression] of dissatisfaction made to or about an organization, related to its products, services, staff or the handling of a complaint, where a response or resolution is explicitly or implicitly expected or legally required."
complaint_definition,2,rg271_chunk_43,0.6497395634651184,Trigger for obligation to handle complaints,"['RG 271.35', 'RG 271.27']",requirement,"RG 271.35 Regardless of a firm’s structure, it is the complainant’s expression of dissatisfaction (that meets the definition of ‘complaint’ in RG 271.27) that triggers a firm’s obligation to deal with the matter according to our IDR requirements, not the referral of a complaint to a specialist complaints or IDR team."
complaint_definition,3,rg271_chunk_38,0.7054775953292847,Expressions of dissatisfaction must not be misclassified,['RG 271.31'],requirement,"Financial firms should not categorise an expression of dissatisfaction that meets the definition of ‘complaint’ as ‘feedback’, an ‘inquiry’, a ‘comment’ or similar (and therefore not to be dealt with in the firm’s IDR process) merely because: (a) the complainant expresses their dissatisfaction verbally; (b) the firm considers that the matter does not have merit; or (c) a goodwill payment is made to the complainant to resolve the matter without any admission of error."
complaint_definition,4,rg271_chunk_114,0.7193986773490906,Triggering of IDR Obligations,"['RG 271.106', 'RG 271.27', 'RG 271.32']",requirement,"Regardless of the structure of a firm’s IDR process, the firm’s obligation to deal with a matter according to our IDR requirements is triggered when the complainant’s expression of dissatisfaction meets the definition of ‘complaint’ set out in RG 271.27. It is not triggered by the referral of a complaint to a specialist complaints or IDR team. Note: See RG 271.32 for our guidance on the definition of ‘complaint’."
complaint_definition,5,rg271_chunk_80,0.7365462779998779,Determining Complaint Resolution to Complainant’s Satisfaction,['RG 271.73'],requirement,"When determining whether a complaint has been resolved to a complainant’s satisfaction, we expect firms to consider whether: (a) the complainant has confirmed (verbally or in writing) that they are satisfied with the action(s) taken by the financial firm in response to the complaint and do not wish to take the matter further; or (b) other circumstances exist that make it reasonable for the firm to form the view that the complaint has been resolved to the complainant’s satisfaction."
idr_process_response,1,rg271_chunk_181,0.4548826217651367,Content requirements for internal complaint management procedure,"['RG 271.177', 'RG 271.27', 'RG 271.52', 'RG 271.170', 'RG 271.101', 'RG 271.165']",requirement,"RG 271.177 The internal complaint management procedure should be anchored to the IDR requirements set out in this regulatory guide, including the IDR standards. At a minimum, we expect a firm’s internal procedure to address our requirements for: (a) the definition of ‘complaint’ and the types of matters that must be dealt with in accordance with our IDR requirements (see RG 271.27); (b) proactively identifying and assisting complainants who might need additional assistance (see RG 271.52); (d) assessing and prioritising complaints according to the urgency of the issues raised (see RG 271.170); (f) investigating complaints, conducting negotiations and exploring resolution options, including appropriate remedies (see RG 271.101); (h) the content of IDR responses, including reasons for decision (see RG 271.165); (j) identifying and escalating systemic issues and complaint trends (see Section D); and (k) reporting internally about complaints (see RG 271.178)."
idr_process_response,2,rg271_chunk_177,0.557616114616394,Complaint management documentation requirements,['RG 271.172'],requirement,"RG 271.172 Complaint management documentation is a key component of a financial firm’s IDR process. Firms must have a publicly available, readily accessible complaints policy and an internal complaint management procedure. Firms must provide material that explains their IDR process free of charge to complainants."
idr_process_response,3,rg271_chunk_180,0.567427396774292,Internal complaint management procedure,"['RG 271.175', 'RG 271.176']",requirement,"RG 271.175 Firms should have a documented internal complaint management procedure to support the public complaint management policy.

RG 271.176 The procedure should be a comprehensive and useful tool for staff who deal with complaints, providing a step-by-step guide to the entire IDR process, and clearly setting out staff roles and responsibilities."
idr_process_response,4,rg271_chunk_156,0.5901787281036377,Training for Complaint Handling Staff,['RG 271.150'],requirement,"Firms should provide targeted induction and ongoing training to staff who handle complaints. Topics may include: (a) the firm’s IDR policy and process, including roles, responsibilities, authority and escalation points; (b) the requirements of this guide; (c) financial services consumer protection laws, AFCA position statements and industry codes of practice; (d) the firm’s products and services; (e) how to identify and help complainants who need additional assistance; (f) dealing with unreasonable complainant conduct; (g) effective communication and negotiation techniques; (h) effective written communications; (i) complaint data capture and internal reporting; (j) issues identification and analysis; and (k) identifying and escalating possible systemic issues."
idr_process_response,5,rg271_chunk_31,0.591080367565155,Transition period for IDR reforms,['RG 271.25'],requirement,"We acknowledge that some of the IDR reforms in this guide represent change for some financial firms. Firms will need to undertake internal capacity building, establish clear lines of reporting and accountability, develop processes and systems, and upskill staff who are responsible for dealing with complaints."
idr_timeframes,1,rg271_chunk_57,0.35919591784477234,Overview of maximum IDR timeframes and response requirements,"['RG 271.49', 'RG 271.50']",overview,This section sets out: • when financial firms should acknowledge a complaint; • what financial firms must include in an IDR response; • the maximum timeframes that financial firms have to provide an IDR response; and • when a financial firm does not have to provide an IDR response within the maximum IDR timeframe. We also set out our expectations about how firms’ IDR processes will interact with AFCA. Timeliness is central to effective complaint management and is a key performance measure of a firm’s IDR process. Findings from ASIC’s research into the consumer experience of the IDR journey indicate that delays and frictions in the IDR process can create real barriers for consumers and damage the consumer–firm relationship. Note: See Report 603 The consumer journey through the Internal Dispute Resolution process of financial service providers (REP 603). Important measures of timeliness include the length taken to acknowledge a complaint and to provide the complainant with an IDR response.
idr_timeframes,2,rg271_chunk_97,0.40179842710494995,Purpose of enforcement action restrictions and reasonable time period,['RG 271.90'],requirement,RG 271.90 This will enable the complaint to be genuinely dealt with at IDR. The ‘reasonable time thereafter’ will also allow the complainant the opportunity to lodge their complaint with AFCA if the complaint cannot be resolved at IDR.
idr_timeframes,3,rg271_chunk_27,0.40897315740585327,Contents of the Guide Regarding IDR and AFCA Interaction,"['RG 271.22', 'RG 271.106']",overview,This guide sets out: (a) the definition of ‘complaint’ set out in AS/NZS 10002:2014 (see RG 271.106); (d) our requirements for how financial firms’ IDR processes and procedures will interact with AFCA.
idr_timeframes,4,rg271_chunk_178,0.4236527681350708,Contents of a firm's complaints policy,['RG 271.173'],requirement,"RG 271.173 A firm’s complaints policy should explain: (a) how consumers may lodge a complaint with the firm (e.g. online, by email, by phone and in person); (b) the options available to assist complainants who might need additional assistance to lodge a complaint; (c) the firm’s key steps for dealing with complaints, including acknowledgement, assessment and investigation, and provision of an IDR response; (d) response timeframes; and (e) details about accessing AFCA where a complaint is not resolved."
idr_timeframes,5,rg271_chunk_72,0.4287983477115631,Factors affecting complaint response times,['RG 271.63'],other,"There are many variables that can affect complaint response times. This includes the complexity of the issues raised and the availability of information, including from third parties. However, we consider that the pursuit of best practice should result in firms regularly meeting or outperforming the maximum IDR timeframes."
debt_collection_dispute,1,rg271_chunk_41,0.6382143497467041,Clarification of what is not a complaint,['RG 271.33'],definition,"RG 271.33 For avoidance of doubt, we do not consider the following to be ‘complaints’: (a) employment-related complaints raised by financial firm staff; (b) comments made about a firm where a response is not expected, such as: (i) feedback provided in surveys; or (ii) reports intended solely to bring a matter to a financial firm’s attention—for example, that an automatic teller machine (ATM) is damaged; (c) hardship notices or requests to postpone enforcement proceedings, unless the customer raises issues that meet the definition of complaint; and (d) reports of unauthorised transactions under the ePayments Code and disputed transactions under a chargeback process. However, we consider that a complaint has been made if the consumer raises separate issues related to the transaction that meet the definition of a complaint, or expresses dissatisfaction with the outcome or handling of the unauthorised or disputed transaction. Note: The ePayments Code contains special arrangements for dealing with reports of unauthorised transactions."
debt_collection_dispute,2,rg271_chunk_109,0.7717353105545044,Complaints involving hardship and default notices,['RG 271.101'],other,"We recognise that complaints involving hardship notices or postponement of enforcement proceedings may also involve issues relating to default notices. A complainant may lodge their complaint directly with AFCA if the complaint involves a default notice, issued after a credit provider, credit service provider or lessor has not responded to and/or decided not to grant a change to the terms of the credit contract or lease for hardship or postponement of enforcement proceedings. Where this is the case,"
debt_collection_dispute,3,rg271_chunk_37,0.8014293909072876,Proactive approach to identifying complaints,['RG 271.30'],requirement,"We expect firms to take a proactive approach to identifying complaints. A response or resolution is ‘explicitly expected’ if a consumer clearly requests it. It is ‘implicitly expected’ if the consumer raises the expression of dissatisfaction in a way that implies the consumer reasonably expects the firm to respond and/or take specific action. A consumer or small business is not required to expressly state the word ‘complaint’ or ‘dispute’, or put their complaint in writing, to trigger a financial firm’s obligation to deal with a matter according to our IDR requirements. Note: Our guidance about accessibility of the IDR process, including complaint lodgement methods, is set out in"
debt_collection_dispute,4,rg271_chunk_96,0.8132421970367432,Restrictions on enforcement actions during complaint handling,['RG 271.89'],requirement,"RG 271.89 Credit providers (including debt collectors), credit service providers, their credit representatives and unlicensed COI lenders must refrain from commencing or continuing with legal proceedings or any other enforcement action (i.e. debt collection activity) against the complainant. Unless the statute of limitations is about to expire, this applies: (a) while the complaint is being handled at IDR (during the 21 calendar days); and (b) for a reasonable time thereafter. Note: We also expect financial firms to comply with RG 271.89 while they are considering a hardship notice or request to postpone enforcement proceedings."
debt_collection_dispute,5,rg271_chunk_124,0.8231171369552612,Systemic issues and consumer complaints,['RG 271.117'],overview,"Consumer complaints are a key risk indicator for systemic issues within a financial firm. A systemic issue is a matter that affects, or has the potential to affect, more than one consumer. Some examples include: (a) a disclosure document that is inadequate or misleading; (b) a systems issue that produces errors—for example, benefit calculation errors or interest calculation errors; (c) a unit pricing error that incorrectly allocates investment earnings to members; (d) a documented procedure that does not comply with legal requirements—for example, it permits privacy requirements to be breached; (e) a procedural weakness that is liable to recur; (f) an erroneous interpretation of a superannuation trust deed provision; and (g) a group insurance administration error that does not record cover for eligible members."
